DROP TABLE IF EXISTS exploitations;

CREATE TABLE exploitations
(exploitation_id INT(11) NOT NULL UNIQUE,
exploitation_nom VARCHAR(50) NOT NULL,
exploitation_surface INT(11) NOT NULL,
ville_id INT,
FOREIGN KEY(ville_id) REFERENCES villes(ville_id));

INSERT INTO exploitations
(exploitation_id, exploitation_nom, exploitation_surface, ville_id)
VALUES
(1, 'Ferme du Soleil', 120, 2),
(2, 'Domaine Lavande', 85, 5),
(3, 'Champs Dorés', 150, 1),
(4, 'Exploitation Bio Sud', 95, 3),
(5, 'Verger Occitan', 110, 4);

DROP TABLE IF EXISTS villes;

CREATE TABLE villes
(ville_id INT(11) NOT NULL UNIQUE PRIMARY KEY,
ville_nom VARCHAR(50));

INSERT INTO villes
(ville_id, ville_nom)
VALUES
(1, 'Paris'),
(2, 'Lyon'),
(3, 'Marseille'),
(4, 'Toulouse'),
(5, 'Nice');

DROP TABLE IF EXISTS agences;

CREATE TABLE agences
(agence_id INT(11) NOT NULL UNIQUE,
agence_nom VARCHAR(50),
ville_id INT,
FOREIGN KEY(ville_id) REFERENCES villes(ville_id));

INSERT INTO agences (agence_id, agence_nom, ville_id)
VALUES
(1, 'Agence Centrale', 1),
(2, 'Agence Sud', 3),
(3, 'Agence Est', 2),
(4, 'Agence Ouest', 4),
(5, 'Agence Côte', 5);

DROP TABLE IF EXISTS personnes;

CREATE TABLE personnes
(personne_id INT(11) PRIMARY KEY,
personne_nom VARCHAR(50),
personne_prenom VARCHAR(50),
personne_date_naissance DATE,
personne_telephone INT(11));

INSERT INTO personnes
(personne_id, personne_nom, personne_prenom, personne_date_naissance, personne_telephone)
VALUES
(1, 'Ingals', 'Charles', '2001-08-25', '0607080910'),
(2, 'Marwal', 'Chad', '1987-01-14', '0708091011'),
(3, 'Shamallow', 'Ben', '1997-12-31', '0122334455'),
(4, 'Marise', 'Julia', '1990-02-14', '0234456312'),
(5, 'Charlize', 'Terron', '1983-12-25', '0127365849');